﻿"Authors","Author full names","Author(s) ID","Title","Year","Source title","Cited by","Link","Publication Stage"
"Sánchez-Gendriz I.; Pulgar-Pantaleon E.M.; Hamilton S.; Filho F.C.; Guedes L.A.; Soares R.; Peixoto S.","Sánchez-Gendriz, Ignacio (56495540200); Pulgar-Pantaleon, Efrain M. (57226594136); Hamilton, Santiago (13808141000); Filho, Fábio Costa (57915899600); Guedes, Luiz Affonso (35761038800); Soares, Roberta (7101994532); Peixoto, Silvio (7004020405)","56495540200; 57226594136; 13808141000; 57915899600; 35761038800; 7101994532; 7004020405","Python-based acoustic detection of Penaeus vannamei feeding behavior","2025","Aquaculture","0","https://www.scopus.com/inward/record.uri?eid=2-s2.0-85204195666&doi=10.1016%2fj.aquaculture.2024.741645&partnerID=40&md5=ee9969c312d9872134e5f248f5cd8ea2","Final"
"Castro-Zaballa S.; González J.; Cavelli M.; Mateos D.; Pascovich C.; Tort A.; Hunt M.J.; Torterolo P.","Castro-Zaballa, Santiago (56365518200); González, Joaquín (57196033764); Cavelli, Matías (55843131000); Mateos, Diego (56425829400); Pascovich, Claudia (55903353400); Tort, Adriano (57210216711); Hunt, Mark Jeremy (8773136300); Torterolo, Pablo (6602390911)","56365518200; 57196033764; 55843131000; 56425829400; 55903353400; 57210216711; 8773136300; 6602390911","Cortical high-frequency oscillations (≈ 110 Hz) in cats are state-dependent and enhanced by a subanesthetic dose of ketamine","2025","Behavioural Brain Research","0","https://www.scopus.com/inward/record.uri?eid=2-s2.0-85203131868&doi=10.1016%2fj.bbr.2024.115231&partnerID=40&md5=30f470f23c3b6515cd5b1e13209613a5","Final"
"Santana Z.C.; Holanda R.F.L.; Silva R.","Santana, Z.C. (58550366200); Holanda, R.F.L. (55441612900); Silva, R. (7201604594)","58550366200; 55441612900; 7201604594","Non-parametric analysis for the dark matter density evolution","2025","Astroparticle Physics","0","https://www.scopus.com/inward/record.uri?eid=2-s2.0-85204582140&doi=10.1016%2fj.astropartphys.2024.103052&partnerID=40&md5=8b76804390d6945f15465e56254c1cef","Final"
"Palhano-Fontes F.; Cavalcanti-Ribeiro P.; da Costa Gonçalves K.T.; de Almeida V.R.N.; Barbosa D.C.; de Araújo Ferreira M.A.; Bolcont R.; De Souza L.C.A.M.; Santos N.C.; Lopes E.I.T.C.; de Medeiros Lima N.B.; de Brito A.J.C.; Falchi-Carvalho M.; Arcoverde E.; Araujo D.; Galvão-Coelho N.L.","Palhano-Fontes, Fernanda (55974198400); Cavalcanti-Ribeiro, Patricia (55366639200); da Costa Gonçalves, Kaike Thiê (59346859800); de Almeida, Victor Rocha Nobrega (59335806100); Barbosa, David C. (58899831100); de Araújo Ferreira, Marcos André (59347403100); Bolcont, Raynara (58786293100); De Souza, Lara Carvalho Araújo Melo (59347403200); Santos, Nestor Caetano (59177807300); Lopes, Eduardo Igor Torquato Cardoso (59177044000); de Medeiros Lima, Nicole Bezerra (59346859900); de Brito, Aldielyson Jorge Cavalcanti (59347403300); Falchi-Carvalho, Marcelo (58786293000); Arcoverde, Emerson (57201976185); Araujo, Draulio (6701820375); Galvão-Coelho, Nicole Leite (24502938400)","55974198400; 55366639200; 59346859800; 59335806100; 58899831100; 59347403100; 58786293100; 59347403200; 59177807300; 59177044000; 59346859900; 59347403300; 58786293000; 57201976185; 6701820375; 24502938400","Repeated subcutaneous esketamine on treatment-resistant depression: An open-label dose titration study","2025","Journal of Affective Disorders","0","https://www.scopus.com/inward/record.uri?eid=2-s2.0-85205231949&doi=10.1016%2fj.jad.2024.09.141&partnerID=40&md5=4f356a21bf90bd13db75b8fd95aafd3f","Final"
"Oliveira D.S.; Braga T.P.; Santos A.G.D.; Alonso-Doncel M.M.; Serrano D.P.; Sachse A.; Pergher S.B.C.; Caldeira V.P.S.","Oliveira, Daniele S. (59307439200); Braga, Tiago P. (57220025234); Santos, Anne G.D. (36026936300); Alonso-Doncel, María M. (57212213992); Serrano, David P. (7005182724); Sachse, Alexander (35111627400); Pergher, Sibele B.C. (6603107199); Caldeira, Vinícius P.S. (36174892500)","59307439200; 57220025234; 36026936300; 57212213992; 7005182724; 35111627400; 6603107199; 36174892500","Hierarchical EMT structured zeolites as improved catalysts for glycerol dehydration","2025","Catalysis Today","0","https://www.scopus.com/inward/record.uri?eid=2-s2.0-85202761321&doi=10.1016%2fj.cattod.2024.115012&partnerID=40&md5=99208f80e6391ea4dd5529c7b9060286","Final"
"Soares W.N.; Costa A.G.R.; Silva R.M.P.; Lima S.G.; Braga T.P.; Costa I.; Luz G.E., Jr; Santos R.S.","Soares, Wagner N. (59298768000); Costa, Antonio G.R. (57219003597); Silva, Rejane M.P. (55763871300); Lima, Sidney G. (6603625917); Braga, Tiago P. (57220025234); Costa, Isolda (7006737923); Luz, Geraldo E. (35185290700); Santos, Reginaldo S. (59298614000)","59298768000; 57219003597; 55763871300; 6603625917; 57220025234; 7006737923; 35185290700; 59298614000","Biodiesel photoelectrocatalytic synthesis employing α-Fe2O3 film decorated with Pt nanoparticles as photoanode","2025","Catalysis Today","0","https://www.scopus.com/inward/record.uri?eid=2-s2.0-85202019898&doi=10.1016%2fj.cattod.2024.114997&partnerID=40&md5=2e06807f2e7516819c8f544b9e55f1f1","Final"
"Nóbrega M.F.; França L.H.; dos Santos Junior A.R.; Oliveira J.E.L.","Nóbrega, Marcelo Francisco (57217768002); França, Luis Henrique (59331979100); dos Santos Junior, Alexandre Ricardo (59331205600); Oliveira, Jorge Eduardo Lins (25928564600)","57217768002; 59331979100; 59331205600; 25928564600","Large pelagic fish exploitation by longliners in the Atlantic Ocean and Mediterranean Sea: A contribution to spatial planning and sustainable fisheries","2025","Fisheries Research","0","https://www.scopus.com/inward/record.uri?eid=2-s2.0-85204222540&doi=10.1016%2fj.fishres.2024.107178&partnerID=40&md5=5d9868f8ba7fc81d13e6eb70fe54cb01","Final"
"Barbosa F.F.; Loiola A.R.; Pergher S.B.C.; Braga T.P.","Barbosa, Felipe Fernandes (57203914393); Loiola, Adonay R. (25422239700); Pergher, Sibele B.C. (6603107199); Braga, Tiago Pinheiro (57220025234)","57203914393; 25422239700; 6603107199; 57220025234","Challenges, prospects and comprehensive evolution of zeolite-based materials for the catalytic conversion of glycerol: A review","2025","Catalysis Today","0","https://www.scopus.com/inward/record.uri?eid=2-s2.0-85201733230&doi=10.1016%2fj.cattod.2024.114998&partnerID=40&md5=510efd143b7b1ca424d3727832ce9031","Final"
"Tavares V.D.D.O.; Schuch F.B.; de Sousa G.M.; Hallgren M.; Oliveira Neto L.; Cabral D.A.R.; Nóbrega de Almeida R.; Barbosa D.C.; de Almeida V.R.N.; Tinoco H.; Lira R.A.; Hallak J.E.; Arcoverde E.; Cuthbert C.; Patten S.; Galvão-Coelho N.L.","Tavares, Vagner Deuel de O. (57210726915); Schuch, Felipe B. (14016488400); de Sousa, Geovan Menezes (57211282634); Hallgren, Mats (35072791900); Oliveira Neto, Leônidas (57194380652); Cabral, Daniel A.R. (57195715032); Nóbrega de Almeida, Raissa (59204742700); Barbosa, David Cavalcante (58899831100); de Almeida, Victor Rocha Nóbrega (59335806100); Tinoco, Hanna (59336472200); Lira, Rodolfo A. (59335976000); Hallak, Jaime Eduardo (34569763900); Arcoverde, Emerson (57201976185); Cuthbert, Colleen (56423412000); Patten, Scott (57201492915); Galvão-Coelho, Nicole Leite (24502938400)","57210726915; 14016488400; 57211282634; 35072791900; 57194380652; 57195715032; 59204742700; 58899831100; 59335806100; 59336472200; 59335976000; 34569763900; 57201976185; 56423412000; 57201492915; 24502938400","Effectiveness of an affect-adjusted, supervised, multimodal, online and home-based exercise group protocol for major depression: A randomized controlled trial","2025","Psychology of Sport and Exercise","0","https://www.scopus.com/inward/record.uri?eid=2-s2.0-85204501418&doi=10.1016%2fj.psychsport.2024.102729&partnerID=40&md5=be08c4e89838eccf502c8253dab562ad","Final"
"de Aguiar V.C.B.; Fernandes M.A.; Pereira M.D.; da Silva T.R.B.; Alves C.Z.","de Aguiar, Viviane Cabrera Baptista (57210826121); Fernandes, Marcio Alves (59195640000); Pereira, Marcio Dias (23994275000); da Silva, Tiago Roque Benetoli (14319073600); Alves, Charline Zaratin (26639058500)","57210826121; 59195640000; 23994275000; 14319073600; 26639058500","Thiamine, cobalt and molybdenum applied as seed treatment influence the development of soybean crops","2025","Revista Ciencia Agronomica","0","https://www.scopus.com/inward/record.uri?eid=2-s2.0-85203500000&doi=10.5935%2f1806-6690.20250010&partnerID=40&md5=edaf645fb6a5be1a14886654362fc8bf","Final"
